{
  "per_class_stats": {
    "paraphrase": {
      "cos_label": [
        0.8065221309661865,
        0.8786955078442892,
        0.9550142288208008
      ],
      "cos_gloss": [
        0.8516398668289185,
        0.9040320118268331,
        0.9709810018539429
      ],
      "epa_dot": [
        -0.00902,
        0.014806166666666667,
        0.052016
      ],
      "nli_label": [
        6.846962060080841e-05,
        0.0027850379501614952,
        0.01778017356991768
      ],
      "nli_gloss": [
        0.00011414966866141185,
        0.0013283465662728606,
        0.00818563625216484
      ]
    },
    "affective_opposite": {
      "cos_label": [
        0.879885196685791,
        0.9076051473617553,
        0.9424980878829956
      ],
      "cos_gloss": [
        0.8255877494812012,
        0.8459462642669677,
        0.8532416820526123
      ],
      "epa_dot": [
        -0.023303000000000004,
        0.0171398,
        0.071396
      ],
      "nli_label": [
        0.9989967942237854,
        0.9995373368263245,
        0.9998399019241333
      ],
      "nli_gloss": [
        0.0012399246916174889,
        0.7996547041460872,
        0.9998835325241089
      ]
    },
    "structural_opposite": {
      "cos_label": [
        0.802399754524231,
        0.8630227247873942,
        0.9173104763031006
      ],
      "cos_gloss": [
        0.8463428616523743,
        0.8625548680623373,
        0.8928367495536804
      ],
      "epa_dot": [
        -0.021431999999999996,
        -0.0063736666666666655,
        0.01535
      ],
      "nli_label": [
        0.9352917075157166,
        0.9782660603523254,
        0.9997738003730774
      ],
      "nli_gloss": [
        0.0016393766272813082,
        0.6670281524614742,
        0.9997380375862122
      ]
    },
    "adjacent": {
      "cos_label": [
        0.7971436381340027,
        0.8662054464221001,
        0.9160632491111755
      ],
      "cos_gloss": [
        0.8089863061904907,
        0.8507691323757172,
        0.9002670049667358
      ],
      "epa_dot": [
        -0.010165,
        0.02198725,
        0.03878499999999999
      ],
      "nli_label": [
        0.9942693710327148,
        0.9985473155975342,
        0.9995947480201721
      ],
      "nli_gloss": [
        0.9737040996551514,
        0.9964718148112297,
        0.999910831451416
      ]
    },
    "unrelated": {
      "cos_label": [
        0.755480945110321,
        0.7863684693972269,
        0.8473149538040161
      ],
      "cos_gloss": [
        0.7024145126342773,
        0.7670301546653112,
        0.851786732673645
      ],
      "epa_dot": [
        -0.016693,
        -0.00196425,
        0.011452000000000002
      ],
      "nli_label": [
        0.005964863114058971,
        0.6507004425705721,
        0.9996123909950256
      ],
      "nli_gloss": [
        0.000347008986864239,
        0.44575658479880076,
        0.999758780002594
      ]
    }
  },
  "rel_breakdown": {
    "paraphrase": {
      "label": {
        "entailment": 7,
        "neutral": 5
      },
      "gloss": {
        "neutral": 7,
        "entailment": 5
      }
    },
    "affective_opposite": {
      "label": {
        "contradiction": 5
      },
      "gloss": {
        "neutral": 1,
        "contradiction": 4
      }
    },
    "structural_opposite": {
      "label": {
        "contradiction": 2,
        "neutral": 1
      },
      "gloss": {
        "contradiction": 2,
        "neutral": 1
      }
    },
    "adjacent": {
      "label": {
        "contradiction": 8
      },
      "gloss": {
        "contradiction": 8
      }
    },
    "unrelated": {
      "label": {
        "contradiction": 6,
        "neutral": 6
      },
      "gloss": {
        "contradiction": 4,
        "neutral": 8
      }
    }
  },
  "seps": {
    "cos_label": [
      -0.11366349458694458,
      -0.05017131567001343
    ],
    "cos_gloss": [
      -0.07467925548553467,
      -0.0428004264831543
    ]
  },
  "stability": {
    "nli_relation_flip_rate": 0.0,
    "cos_band_flip_rate": 0.0,
    "provisional_thresholds": {
      "MERGE_g": 0.8629273772239685,
      "FLAG_g": 0.8303865194320679
    },
    "cos_std_mean": 4.479236636383326e-05
  },
  "nli_latency_ms_per_pair": 320.73527857139976
}